{
  "best_value": 0.4051855365481223,
  "best_params": {
    "max_depth": 7,
    "learning_rate": 0.17254716573280354,
    "max_iter": 250,
    "min_samples_leaf": 130,
    "l2_regularization": 0.0006026889128682511
  },
  "trials": 10,
  "subsample": 500000,
  "metric": "mean_cv_pr_auc"
}
